post,background
"Last weekend, Perlyn Chew, Ryan Wong and I took part in the Credit Suisse CodeIT Challenge 2022. We came in 1st, and had lots of fun working on the coding challenges. Great job team and thank you Credit Suisse for organising such a wonderful event!",Computer Science Undergraduate at NUS
"FIS in India is proud to announce the successful completion of CODE FEST 2022.  The event was hosted virtually over a period of two months and 1500 participants worked on specific challenges and leveraged skills such as Java and .Net to develop innovative solutions for the challenges given to them. We had 100+ coding challenge qualifiers from companies like Google, Amazon, Adobe, Morgan Stanley, Walmart, KPMG, Credit Suisse, Deloitte, and Oracle, and the top 3 winners were announced in a virtual award ceremony in presence of our leaders. Many congratulations to all the winners and participants and special thanks to our event hosting partner Mercer Mettl and all our colleagues for their support. Meet the winners:",Alliances Head at FIS
"Credit Suisse Global Coding Challenge  Batch: 2022, 2023, 2024, 2025, 2026  Intern/FTE Offers  Apply: https://lnkd.in/d87ZKNxp",Senior Talent Acquisition Specialist
"Hello great peopleðŸ‘,    Hope you all are doing greatðŸ˜‰    So, here are some major internships and open sourceðŸ’œ programs which are held throughout the year in their respective timelines.ðŸ¤©ðŸ¤©ðŸ”¥    ðŸ‘‰  30 Days of Google Cloud by Google  Adobe Analytics Challenge  Adobe India Women-in-Technology Scholarship  Advent of Code  Alexa Prize by Amazon  Amazon WOW  Bubble Cup  Capgemini Tech Challenge  Code For Good  Code Jam by Google  Code Gladiators  Code Jam to I/O for Women  Codechef SnackDown  Coderita 2.0 by GeeksforGeeks  Codiva by Adobe  Cook-off by CodeChef  D.E. Shaw Mentorship Program  DevFest India by Google Developers Group  Discovery Fellowship  e-Yantra Robotic Competition by IIT Bombay  Flipkart GRiD  Flipkart Runway  Flipr Hackathon  Generation Google Scholarship (Aisa Pacific)  GirlScript Summer of Code  GirlScript Winter of Contributing  Github Campus Expert  GoogleCloudReady Facilitator Program  Google Capture The Flag  Google Developer Student Clubs  Google Step Intern  Google Summer of Code by Google  Google Season of Docs by Google  Global Coding Challenge by Credit Suisse  HackerCup by Facebook  Hacktoberfest by DigitalOcean  HackwithInfy by Infosys  Hash code by Google  HP CodeWars  Imagine Cup by Microsoft  International Collegiate Programming Contest  International Conference on Functional Programming  Internet Problem Solving Contest  Intuit Augment  Kaggle by Google  Kick start by Google  Learn to Earn Cloud Challenge  LiFT Scholar!  Linkedin Wintathon  Lunchtime by Codechef  Master the Mainframe by IBM  Microsoft Codess  Microsoft Engage Program  Microsoft Learn Student Ambassadors  Mitacs Globalink Research Internship  MLH Fellowship  Myntra HackerRamp: WeForShe  Nanyang Technological University (NTU) â€“ India Connect  Nutanix Heart Women in Technology Scholarships  Outreachy Program  SheCodes by Accolite Digital  Smart India Hackthon by Govt. of India  Script Winter of Code  Solution Challenge  TopCoder Open  TCS CodeVita  Uber HackTag  Uplift Project  Visa Code UR Way  Women Engineers Program  ðŸ‘‰  Do check them outðŸ˜‰ðŸ™ŒðŸ™Œ",GSSoC'22 ||GDSC team member ||Open SourceðŸ’œ ||5 ðŸŒŸ Hackerrank C++||Student at Gujarat Technological University
"Hello #connections ,    I am Ronak Jethava - A final year student at DAIICT. I am a good team player, a quick learner, a problem solver, and a person with good time-management, problem-solving, and communication skills.    I am looking for a 6-months (January-June 2023) winter internship to apply my coding and problem-solving skills to a real-world project and to get good hands-on experience with real-world project complexities.    Here are some of my top achievements:  -> HackWithInfy 2022 Finalist  -> Among Top 10 in Akamai Edge Hackathon  -> Rank of 27 among 27K coders in Global coding challenge by Credit Suisse  -> Among the top 900 in Google Kickstart round C of 2022  -> Among the top 2% in the leetcode community  -> 5-star coder on CodeChef with a max rating of 2154    My resume is also attached to the post. Let me know if you have any related opportunity or a referral !!    Please like/Share/Comment for better reach :>  Thank you",Actively Finding SDE/SWE/FullStack intern | HackWithInfy'22 finalist | 5 ðŸŒŸ codechefer | DAIICT'23
"Global Coding Champion!    Hi Connections,  I am thrilled to announce that I won the Global Coding Challenge 2021 organized by .    The problems were fun, had a great time trying to optimize my solutions. Thank you for organizing the contest.    PS: You can find a link to my solutions in the first comment.","Upcoming SWE @Bloomberg London | Former SWE @Uber, SDE Intern @Directi (Titan), @Deutsche Bank | Global Coding Challenge 21 Winner | Rank 10 ICPC Regionals | 6* CodeChef, CM CodeForces | NIT Bhopal 22"
"From getting disqualified for unknown reasons, to landing in the second position, the journey wasnâ€™t easy but it was worth it at the end. Sometimes you gotta fight for something you deserve.    Hello, Connections.    I hope you are doing well. Last year, I won the Global Coding Challenge organized by from the rest of the world region, and this year I landed in the second position. It wasnâ€™t easy for me because I was disqualified, as my solution for problem 4 matched with someone elseâ€™s. I have posted my solution as well here.    Finally, I would like to congratulate my friend and am glad to share that the top two positions are from . Congratulations to us!!!","Actively looking for a Job | Ex Intern at COTIVITI NEPAL, LIS Nepal and Clamphook Academy | Winner of Global Coding Challenge from Rest of the World Region"
Received my goodies today from Credit Suisse .  Ranked within top 200 in the Global Coding Challenge 2021 organised by Credit Suisse.  Thank you so much for these goodies and encouraging young talent.    Once again thanks to Striver whom I admire - have learnt a lot from your videos :D,4* @codechef | VIT '25
#globalcodingchallenge #gcc #creditsuisse  Voila ! Join me on the Global Coding Challenge a 3 week Coding Competition organized by Credit Suisse and get a chance to compete with great people and win some cool prizes !!  Scan this QR Code and enter the contest .  While registering do use my Promo Code -'WillOfHeaven',Indigo Squad Member at Mood Indigo IIT Bombay
"FIS in India is proud to announce the successful completion of CODE FEST 2022.  The event was hosted virtually over a period of two months and 1500 participants worked on specific challenges and leveraged skills such as Java and .Net to develop innovative solutions for the challenges given to them. We had 100+ coding challenge qualifiers from companies like Google, Amazon, Adobe, Morgan Stanley, Walmart, KPMG, Credit Suisse, Deloitte, and Oracle, and the top 3 winners were announced in a virtual award ceremony in presence of our leaders. Many congratulations to all the winners and participants and special thanks to our event hosting partner Mercer Mettl and all our colleagues for their support. Meet the winners:",TA Head at FIS-India Region
"FIS in India is proud to announce the successful completion of CODE FEST 2022.  The event was hosted virtually over a period of two months and 1500 participants worked on specific challenges and leveraged skills such as Java and .Net to develop innovative solutions for the challenges given to them. We had 100+ coding challenge qualifiers from companies like Google, Amazon, Adobe, Morgan Stanley, Walmart, KPMG, Credit Suisse, Deloitte, and Oracle, and the top 3 winners were announced in a virtual award ceremony in presence of our leaders. Many congratulations to all the winners and participants and special thanks to our event hosting partner Mercer Mettl and all our colleagues for their support. Meet the winners:",Talent Acquisition| Technology Hiring | Diversity & Inclusion |
"Finally an all nighter pays off!    After 25 hours of coding, along with joint efforts of Abdulwadood Ashraf Faazli and , we were able to pull of a second runner up at 2022-CodeIT - Credit Suisse Challenge.    Thank you for providing us with this amazing opportunity to use our skills and to learn and grow more.",Computer Science & Finance - Junior | Software Developer @ Technine.io | Co-Founder BlockChain @ HKU | HKU Squash Player | Student Research Assistant @ HKU
"FIS in India is proud to announce the successful completion of CODE FEST 2022.  The event was hosted virtually over a period of two months and 1500 participants worked on specific challenges and leveraged skills such as Java and .Net to develop innovative solutions for the challenges given to them. We had 100+ coding challenge qualifiers from companies like Google, Amazon, Adobe, Morgan Stanley, Walmart, KPMG, Credit Suisse, Deloitte, and Oracle, and the top 3 winners were announced in a virtual award ceremony in presence of our leaders. Many congratulations to all the winners and participants and special thanks to our event hosting partner Mercer Mettl and all our colleagues for their support. Meet the winners:",Recruiter
"FIS in India is proud to announce the successful completion of CODE FEST 2022.  The event was hosted virtually over a period of two months and 1500 participants worked on specific challenges and leveraged skills such as Java and .Net to develop innovative solutions for the challenges given to them. We had 100+ coding challenge qualifiers from companies like Google, Amazon, Adobe, Morgan Stanley, Walmart, KPMG, Credit Suisse, Deloitte, and Oracle, and the top 3 winners were announced in a virtual award ceremony in presence of our leaders. Many congratulations to all the winners and participants and special thanks to our event hosting partner Mercer Mettl and all our colleagues for their support. Meet the winners:",Technical Solutions Manager at Worldpay
"FIS in India is proud to announce the successful completion of CODE FEST 2022.  The event was hosted virtually over a period of two months and 1500 participants worked on specific challenges and leveraged skills such as Java and .Net to develop innovative solutions for the challenges given to them. We had 100+ coding challenge qualifiers from companies like Google, Amazon, Adobe, Morgan Stanley, Walmart, KPMG, Credit Suisse, Deloitte, and Oracle, and the top 3 winners were announced in a virtual award ceremony in presence of our leaders. Many congratulations to all the winners and participants and special thanks to our event hosting partner Mercer Mettl and all our colleagues for their support. Meet the winners:",HR Strategy | Business Partnering | Change Management | Talent Management | Employee Relations
"A big congratulations to all the winners at our annual coding challenge #CodeITSuisse! 192 participants across Singapore and Hong Kong joined the challenge! With the support from 50 Credit Suisse employees the participants could focus on completing the 14 challenges developed by 17 of our software engineers. It was great to see the enthusiasm for solving all the challenges and we are already excited for next yearâ€™s challenge.    If you want to experience an culture, then apply for our 2023 summer internship by October 16 âž¡ï¸  Hong Kong:  Singapore:","1,216,910 followers"
"FIS in India is proud to announce the successful completion of CODE FEST 2022.  The event was hosted virtually over a period of two months and 1500 participants worked on specific challenges and leveraged skills such as Java and .Net to develop innovative solutions for the challenges given to them. We had 100+ coding challenge qualifiers from companies like Google, Amazon, Adobe, Morgan Stanley, Walmart, KPMG, Credit Suisse, Deloitte, and Oracle, and the top 3 winners were announced in a virtual award ceremony in presence of our leaders. Many congratulations to all the winners and participants and special thanks to our event hosting partner Mercer Mettl and all our colleagues for their support. Meet the winners:",Senior Lead - Talent Acquisition at FIS
"FIS in India is proud to announce the successful completion of CODE FEST 2022.  The event was hosted virtually over a period of two months and 1500 participants worked on specific challenges and leveraged skills such as Java and .Net to develop innovative solutions for the challenges given to them. We had 100+ coding challenge qualifiers from companies like Google, Amazon, Adobe, Morgan Stanley, Walmart, KPMG, Credit Suisse, Deloitte, and Oracle, and the top 3 winners were announced in a virtual award ceremony in presence of our leaders. Many congratulations to all the winners and participants and special thanks to our event hosting partner Mercer Mettl and all our colleagues for their support. Meet the winners:","Development Director, FIS | SAFe Program Consultant | Banking Program Management | Core Banking Solution Delivery"
"FIS in India is proud to announce the successful completion of CODE FEST 2022.  The event was hosted virtually over a period of two months and 1500 participants worked on specific challenges and leveraged skills such as Java and .Net to develop innovative solutions for the challenges given to them. We had 100+ coding challenge qualifiers from companies like Google, Amazon, Adobe, Morgan Stanley, Walmart, KPMG, Credit Suisse, Deloitte, and Oracle, and the top 3 winners were announced in a virtual award ceremony in presence of our leaders. Many congratulations to all the winners and participants and special thanks to our event hosting partner Mercer Mettl and all our colleagues for their support. Meet the winners:",Associate Director at FIS
"FIS in India is proud to announce the successful completion of CODE FEST 2022.  The event was hosted virtually over a period of two months and 1500 participants worked on specific challenges and leveraged skills such as Java and .Net to develop innovative solutions for the challenges given to them. We had 100+ coding challenge qualifiers from companies like Google, Amazon, Adobe, Morgan Stanley, Walmart, KPMG, Credit Suisse, Deloitte, and Oracle, and the top 3 winners were announced in a virtual award ceremony in presence of our leaders. Many congratulations to all the winners and participants and special thanks to our event hosting partner Mercer Mettl and all our colleagues for their support. Meet the winners:",Associate Director at FIS
"Each year we at Credit Suisse hosts the Global Coding Challenge for university students across the globe.  The competition has been entirely designed, built, and run by Credit Suisse TAs (Technology Analysts). As a former TA myself, along with my colleagues we try to improve the participantsâ€™ overall experience year on year. This year we planned to revamp the backend architecture of the system and add Apache Kafka as a streaming backbone.  This blog post describes the thought process behind the change and how we catered to 25,000+ participants and during peak served 100,000+ submissions a day.",Senior Software Developer at Credit Suisse | Former Teaching Assistant at The School of Innovation from Facebook
"I am proud to say that I, Zhong Vei and Her Wei Lim were short listed to join the CodeIT suisse event. It began on Saturday with a challenging but fun 24 hour coding competition and ended with a networking event on Sunday within the Credit Suisse headquarters in ICC. The networking event allowed us to converse with the past interns and current full time employees, and gain insight about the day to day operations of a company like . This experience was truly unforgettable and we are extremely thankful to for this amazing opportunity.",Technical Advisor at HKUST ENTERPRIZE Team (RoboMaster) | Part time software developer at HKUST ITSC
"After a long and difficult competition, I succeeded in securing second place in the UK & Ireland region in Credit Suisse's global coding competition. Although challenging, this was a lot of fun, and I look forward to participating in more like this.",PhD Maths and Physics @ University of Cambridge
"ðŸ‘‹ I'm highly commended!    Last December, I completed Code First Girls' 8-week Intro to #Python course, sponsored by . Together with my teammates and , our project was awarded ""Best Project""!    It was challenging but more importantly, FUN. Thank you to our instructors and Magnus Valle for the great instruction and help, and thank you to Code First Girls and Credit Suisse for giving us this opportunity to learn a new skill!",Software Engineer | Mkting Automation | Problem-solver
"Good morning, hope y'all had a great long weekend! Over the last couple of days #Debitsuisse #creditsuisse Credit Suisse arose. The remarks and attempts to calm the market resemble a story being told in 2008. This story ended with circuit breaking a so called ""free market"" because of counterparty risks.  Don't you ever ask yourself why banks get bailed out? Because a central authority can make an exception of their own rules while you cannot. You are being told a story of equality while you are not able to print yourself out of a little financial problem.    The foundation of our economical everyday transactions is based on debts. What's that gotta do with you?  Well, back in 2015 Greece limited withdrawals from bank accounts to 50â‚¬/ day because of counterparty risks. In 2021 Canada froze bank accounts based on a political agenda. You are only one state emergency away to loose access to your hard-earned money. What all the above basically means is, they can steal from you, they can control you, they can manipulate you.    On the other side of the isle there is a powerful alternative based on roughly 30.000 lines of code. This technology is so paramountly arrogant that all of its code is open source. Everyone in the world can study it. Challenge it. Debug it.  But no single entity can change the rules. Confiscate your money. Discriminate against you. The beauty of is its simplicity: Rule without rulers. One of the most staggering labels you can put on it is:  Bitcoin is for enemies. Because it is safe. For you. For Them. For everybody. It's your iron dome against invasive governments and it doesn't need to fire a single rocket. Bitcoin is peace. And all you got is co2 emissions to talk me out of it. Come back, when you really thought that through!",At no time in history have the people forcing others into compliance been the good guys.
ðŸŸ¦Leadership Lessons Learned- Takeaways from the Challenges at Credit SuisseðŸŸ¦    Credit Suisseâ€™s troubles have been well documented over the last 12+ months. Recent WSJ Headlines on Credit Suisse really showcase the outcomes:  ðŸ”¹(April 27)â€¦.....Archegos Founder and CFO Charged With Securities Fraud  ðŸ”¹(April 24)â€¦.....Credit Suisse Prepares for Fresh Round of Management Turnover  ðŸ”¹(April 20) â€¦....Credit Suisse Warns of Loss From Russia and Legal Woes  ðŸ”¹(April 5)â€¦â€¦â€¦.Credit Suisse Found Former Investment-Bank Chief Violated Code of Conduct  ðŸ”¹(April 4)â€¦â€¦â€¦.Credit Suisse Details More Failings From Greensill Collapse  ðŸ”¹(March 28)â€¦..Lawmakers Launch Probe of Credit Suisse Compliance With Russia Sanctions    What were the risk Ingredients that have contributed to the reputation damage and financial losses:  ðŸ”¹Overworked employees  ðŸ”¹Critical technical expertise gaps with talent  ðŸ”¹Poor communication between departments  ðŸ”¹Senior Leaders managing up and not thinking about the care and feeding of staff  ðŸ”¹The imbalance between revenue/sales and operational scaling  ðŸ”¹Recognition of the value of risk mitigation    These situations can happen at any company when growth is the sole driver. Effective risk management can help navigate around risk potholes on the road to success.,| Risk Executive | Enterprise Risk Management | Internal Audit | Compliance | Cybersecurity | Due Diligence | Board Member | Start-Up and Middle Market Company Advisor | Corporate Governance | Speaker |
"Are you ready for a coding challenge?    Our CodeIT Suisse is back in Hong Kong and Singapore! Through this competition you will not only have the opportunity to solve coding challenges covering a wide range of topics, but also to set up an end-to-end server & development pipeline.  You will also stand a chance to win up to SGD 6000 and HKD 30,500 worth of prizes in each region!    Compete as a team or take part on your own. Sign up today âž¡ï¸","1,216,910 followers"
"Had an amazing day at the ITMB showcase. Over the last year my team had been working on a Credit Suisse case study that had tasked us to develop an application to efficiently aid Relationship Managers at the company. This showcase concluded our work as we had to present our application â€˜PerfoRMâ€™ to over 20 employer firms from around the world. Incredibly proud of my team, , , and James Liu. We took on the challenge of learning flutter to code our application for both android and iOS platforms. Thank you for all the hard work put in over the last year. A really challenging but rewarding journey. It was great to meet and learn about placements and internship opportunities at through . Also, kudos to the winning team for their amazing application.  Really excited for ITMB year 2 at !  I would like to thank for this incredible year and opportunity through such a challenging and rewarding course.",Student at Alliance Manchester Business School
"Are #megamodels (e.g. #gpt3, Wu Dao 2.0, etc.) ready to be used in your company?    Mega models show impressive performance yet are extremely costly to . Only a few companies are able to compete in this space, nonetheless, the availability of these mega models opens the possibilities for new .    There is still a major challenge around quality before these are broadly adopted in a environment, but they already assist developers in writing snippets of .      , Lead Data Scientist at , points out that  ""mega models can be useful for performing tasks related to , information, or getting . In , they help as a pre-processing layer for information extraction in the , but we still need a human in the loop"".    What is your experience using mega models in a business context?    Discover more on Advanced for 2022, by industry experts from , , , and , in our new report (link in the comment section).","12,600 followers"
"âœ”ï¸We are delighted to announce our new expert speaker at the Pronovea Banking Summit: 2022, Non-Financial Risk Management 12 - 13 October 2022, #vienna  Venue:-     âž¡ï¸ James Parker CRO Guernsey / Deputy CRO ME&T,    âž¡ï¸Discussion: Risk Appetite  . What is a Risk Appetite Statement?  . Is it a snapshot at a point in time or an evolving dynamic approach?  . Challenges of maintaining a robust RAS in light of geopolitical / ESG risks.    Conference Overview: -     âž¡ï¸Have you got the full updated agenda?  âž¡ï¸BOOK YOUR SEATS & REGISTER NOW:-     âœ”ï¸Request full Brochure from website for information on Sponsorship queries, Team Discount and Discount Code/Please email us at         ",637 followers
"We're proud to be introducing START: a 4 half day camp during Easter holidays at the University of Lausanne. Sustainability, Technology, Art, Robotics for kids and Teenagers.    AddictLab with our partner Girls Can Code organise a first technology and sustainability camp in the Credit Suisse CoLAB at the EPFL Rolex Learning Center in Lausanne. Kids will experience several kinds of advanced technologies, from robots to drones to augmented reality and the metaverse. Mixing art and design, story telling and collaborative processes, kids from 8 years on will need to use fantasy and innovation on several challenges, in the attempt to save our planet and make everybody aware of the fragile conditions we all live. Challenges are based on the Sustainable Development Goals from the UN.    Event supported by Credit Suisse AG and the .    About Addictlab  Addictlab organises STEAM camps and courses (Science, Technology, Engineering, Art, Maths). All activities are evaluated and linked to the 17 sustainable development goals (SDGS) of the United Nations. Addictlab's mission is to mix creative disciplines. Design, draw in 3D, 3D print, paint in virtual reality, learn about solar panels - and so much more. Over 25 activities are offered and installed in schools to push kids ability to creative thinking, collaboration, computational thinking. Addictlab manages the SDG Fab lab at the University of Geneva and publishes the SDGzine.  About Girls can Code.  Girls Can Code mission is to provide nurturing and supporting environment where girls can explore different opportunities in the digital world by working closely with inspiring university students and industry professionals on real-life projects.  Our approach provides girls with opportunities to shape tomorrow's digital world by working on meaningful impact projects worldwide, while learning important digital skills.      Activities  On the program:  drawing & 3d Modelling lessons.  Recycling challenge & SDGs  Robotics & coding: programming challenges. Kids will have to work together to solve challenges and control robots and machines from a distance.  DIY & crafts  Metaverse discovery    Registrations        Other camp options are at ChÃ¢teau de Voltaire  (check )",116 followers
"Java Developer with our Direct Client C2C and W2 position.    Share your resume at ram.sai@disys.com    Location: Raleigh, NC  Duration: 6 months with possible extension     Job Description: Overview of business area or project:  â€¢      Market Data Server (MDS) is a key repository of market data in use across the Global markets in Credit Suisse. It is part of Core IT infrastructure and used across CS as a reference data system by Front Office , Risk and Operations , we need this position to implement strategic projects that will improve stability and performance of the MDS infrastructure.  â€¢      Work in an Agile development team, designing and implementing features on the Strategic architecture (Global Trade Store)  â€¢      Work with Product Owner (PO) to understand user stories and provide sound technical solutions. Understand dependencies and acceptance criteria.  â€¢      Participate in Sprint Planning, Refinement, delivery of stories and demonstration.  â€¢      Build software in conformance with coding standards, test creation and build process.  â€¢      Participate in design and code reviews.  â€¢      Gain the relevant subject matter expertise and act as point of contact in the region for functional and level 3 production support.     Overview of department/team:  â€¢      The Department caters to the Middle office and this is one of the most strategic trading store and risk management system in the bank and caters to all the asset categories in the bank . You will be part of the US team and will work with some latest technologies . This is a development project .     Candidate Value Proposition:  Â§      Minimum 8+ years of experience in the IT domain  Â§      Significant experience of Java development for enterprise systems  Â§      Proven design, modeling or architecture experience in delivering complex technical solutions with complex scalability and performance challenges  Â§      Solid knowledge of Core Java and features of Java 8.  Â§      Ability to model tables and write stored procedures in Oracle.  Â§      Working knowledge of Spring framework and JMS messaging.  Â§      Significant experience of multi-threaded environments  Â§      Demonstrates experience of using Design Patterns and Java best practices  Â§      Unit testing frameworks (Junit, JMock, Mockito, Unitils)  Â§      Experience of continuous integration (TeamCity, Maven, Jenkins)  Â§      Experience in leading small to medium size teams  Â§      Experience batch job control (Contrl-M)  Â§      Working knowledge of Finance and Capital markets  Â§      Good communication skills both oral and written at team, client and management levels  Â§      Linux / Unix  Â§      Scrum Agile development  Â§      Object Oriented design & development  Â§      Acceptance testing (Cucumber)",Lead Technical Recruiter
"CREDIT SUISSE OFF CAMPUS HIRING FRESHERS FOR QA AUTOMATION ENGINEER POSITIONS    REQUIRED ----0--1 YEAR    WORK LOCATION --- PUNE    DEGREE ---- BE,B TECH,ME,M TECH    Your skills and experience     You are expected to possess the below skills  A Bachelors or Masterâ€™s Degree in Technology or any related field.  Fresher / 6 months â€“ 1 years of professional QA experience with excellent coding skills using Java/Python  Proficient in Automation Testing, expertise with frameworks: Selenium, Cucumber, Mocha, Playwright, etc, Java/JEE/JavaScript  Understands the value of diversity in the workplace and is dedicated to fostering an inclusive culture in all aspects of working life so that people from all backgrounds receive equal treatment, realize their full potential and can bring their full, authentic selves to work  Your field of responsibility     As the test automation specialist, you will partner & collaborate with IT & business partners to build an automated, generic, sustainable, cost efficient & scalable test execution framework and to deliver functional enhancements  Coordinate with fellow developers to define the automated testing components that will be used to validate requirements against developed software  Handle test execution of project feeding into the planned releases; ensuring smooth delivery and driving towards application quality (Including organizing walkthroughs with BAâ€™s and walkthroughs with business)  Provides regular status reporting to key business partners including progress, risks, issues and mitigation steps  Excellent analytical, problem solving, trouble-shooting skills and ability to own problems through to resolution  Demonstrate ability to effectively work both independently and within multi-functional project teams than span multiple time-zones  Ability to pick up and learn a wide variety of new technologies and topics  Self-starter, being able to work in Agile deliveries, taking ownership of tasks on short-notice and work under challenging deadlines    REF;----KARAN CHOWDHARY",SENIOR technical consultant big data at Infosys
"We would like to welcome Incorta as a #GoldSponsor for the 5th Annual Digital Saudi 2030 virtual event being organized on 17th November.    Incorta is a data analytics company on a mission to help data-driven enterprises be more agile and competitive by resolving their most complex data analytics challenges.    Incortaâ€™s Direct Data Platform gives enterprises the means to acquire, enrich, analyze and act on their business data with unmatched speed, simplicity and insight. Backed by GV (formerly Google Ventures), Kleiner Perkins, M12 (formerly Microsoft Ventures), Telstra Ventures, and Sorenson Capital, Incorta powers analytics for some of the most valuable brands and organizations in the world. For todayâ€™s most complex data and analytics challenges, Incorta partners with Fortune 5 to Global 2000 customers such as Broadcom, Vitamix, Equinix, and Credit Suisse. For more information, visit .    Register Now:  (Code: LA20)    Event By:               ","4,104 followers"
"VFF NEWSLETTER #LEARN #CONNECT #INSPIRE    May 2022, 2nd Edition!    In this edition we cover:     ðŸ’ ðŸ’  INDUSTRY NEWS ðŸ’ ðŸ’   âž¡ï¸AROUND THE GLOBE  âž¡ï¸INDIA  âž¡ï¸MAINLAND CHINA  âž¡ï¸HONG KONG SAR  âž¡ï¸SINGAPORE  âž¡ï¸SOUTHEAST ASIA  âž¡ï¸MENA REGION     ðŸ“‡REPORTS AND RESOURCES which include reports on:    1. Supertrends 2022: Here to stay - Published by .  2. Gaining momentum - Results of the 2021 BIS survey on central bank digital currencies - Published by .  3. Big techs, QR code payments and financial inclusion - Published by Bank for International Settlements.  4. Accounting for Digital Assets: Key Considerations - Published by .  5. Capital Flow Management Measures in the Digital Age: Challenges of Assets - Published by International Monetary Fund.  6. Digital Money and Central Bank Operations - Published by International Monetary Fund.  7. Supervisory and Regulatory Approaches to Climate-related Risks - Published by .  8. The Corporate Hitchhikerâ€™s Guide to the Metaverse - Published by    EVENTS & VFF VIDEO HIGHLIGHTS    > GBA WealthConnect Forum 2022 to be held on 21st June.   >. highlights from Asia WealthTech Forum held in January 2021.  -""Outlook of Digital Innovation in Wealth Management and Private Banking""  -""Evolution of Wealth-connect and future of WealthTech in GBA""       New editions every fortnight!     SUBSCRIBE BELOW! :) ","2,552 followers"
"VFF NEWSLETTER #LEARN #CONNECT #INSPIRE    May 2022, 2nd Edition!    In this edition we cover:     ðŸ’ ðŸ’  INDUSTRY NEWS ðŸ’ ðŸ’   âž¡ï¸AROUND THE GLOBE  âž¡ï¸INDIA  âž¡ï¸MAINLAND CHINA  âž¡ï¸HONG KONG SAR  âž¡ï¸SINGAPORE  âž¡ï¸SOUTHEAST ASIA  âž¡ï¸MENA REGION     ðŸ“‡REPORTS AND RESOURCES which include reports on:    1. Supertrends 2022: Here to stay - Published by .  2. Gaining momentum - Results of the 2021 BIS survey on central bank digital currencies - Published by .  3. Big techs, QR code payments and financial inclusion - Published by Bank for International Settlements.  4. Accounting for Digital Assets: Key Considerations - Published by  5. Capital Flow Management Measures in the Digital Age: Challenges of Assets - Published by International Monetary Fund.  6. Digital Money and Central Bank Operations - Published by International Monetary Fund.  7. Supervisory and Regulatory Approaches to Climate-related Risks - Published by .  8. The Corporate Hitchhikerâ€™s Guide to the Metaverse - Published by    EVENTS & VFF VIDEO HIGHLIGHTS    > GBA WealthConnect Forum 2022 to be held on 21st June.   >. highlights from Asia WealthTech Forum held in January 2021.  ""Outlook of Digital Innovation in Wealth Management and Private Banking""  ""Evolution of Wealth-connect and future of WealthTech in GBA""       Stay up to date with us. New editions every fortnight!     SUBSCRIBE BELOW! :) ","1,405 followers"
"VFF NEWSLETTER #LEARN #CONNECT #INSPIRE    May 2022, 2nd Edition!    In this edition we cover:     ðŸ’ ðŸ’  INDUSTRY NEWS ðŸ’ ðŸ’   âž¡ï¸AROUND THE GLOBE  âž¡ï¸INDIA  âž¡ï¸MAINLAND CHINA  âž¡ï¸HONG KONG SAR  âž¡ï¸SINGAPORE  âž¡ï¸SOUTHEAST ASIA  âž¡ï¸MENA REGION     ðŸ“‡REPORTS AND RESOURCES which include reports on:    1. Supertrends 2022: Here to stay - Published by .  2. Gaining momentum - Results of the 2021 BIS survey on central bank digital currencies - Published by .  3. Big techs, QR code payments and financial inclusion - Published by Bank for International Settlements.  4. Accounting for Digital Assets: Key Considerations - Published by .  5. Capital Flow Management Measures in the Digital Age: Challenges of Assets - Published by International Monetary Fund.  6. Digital Money and Central Bank Operations - Published by International Monetary Fund.  7. Supervisory and Regulatory Approaches to Climate-related Risks - Published by .  8. The Corporate Hitchhikerâ€™s Guide to the Metaverse - Published by    EVENTS & VFF VIDEO HIGHLIGHTS    > GBA WealthConnect Forum 2022 to be held on 21st June.   >. highlights from Asia WealthTech Forum held in January 2021.  -""Outlook of Digital Innovation in Wealth Management and Private Banking""  -""Evolution of Wealth-connect and future of WealthTech in GBA""       Stay up to date with us. New editions every fortnight!     SUBSCRIBE BELOW! :) ",174 followers
"Credit Suisse Recruitment 2022 | Freshers | QA Automation Engineer | BE/ B.Tech/ ME/ M.Tech â€“ CSE/ IT | 2020/ 2021 Batch | Pune  Company Website: www.credit-suisse.com  Positions: QA Automation Engineer  Job Location: Pune  Salary: Best in Industry  Experience: Freshers (6 months -1 year)  Eligibility Criteria for Credit Suisse Recruitment 2022:  A Bachelors or Masterâ€™s Degree in Technology or any related field.  Fresher / 6 months â€“ 1 years of professional QA experience with excellent coding skills using Java/Python  Proficient in Automation Testing, expertise with frameworks: Selenium, Cucumber, Mocha, Playwright, etc, Java/JEE/JavaScript  Understands the value of diversity in the workplace and is dedicated to fostering an inclusive culture in all aspects of working life so that people from all backgrounds receive equal treatment, realize their full potential and can bring their full, authentic selves to work  Job description:  As the test automation specialist, you will partner & collaborate with IT & business partners to build an automated, generic, sustainable, cost efficient & scalable test execution framework and to deliver functional enhancements  Coordinate with fellow developers to define the automated testing components that will be used to validate requirements against developed software  Handle test execution of project feeding into the planned releases; ensuring smooth delivery and driving towards application quality (Including organizing walkthroughs with BAâ€™s and walkthroughs with business)  Provides regular status reporting to key business partners including progress, risks, issues and mitigation steps  Excellent analytical, problem solving, trouble-shooting skills and ability to own problems through to resolution  Demonstrate ability to effectively work both independently and within multi-functional project teams than span multiple time-zones  Ability to pick up and learn a wide variety of new technologies and topics  Self-starter, being able to work in Agile deliveries, taking ownership of tasks on short-notice and work under challenging deadlines    REF;---KARAN CHOWDHARY",SENIOR technical consultant big data at Infosys
" Credit Suisse  Job Position:- QA Automation Engineer  Job Location:- Pune, India  Salary Package:- As per Company Standards  Job Type:- Full-time (FT)  Job ID:- 202303  Required Qualifications & Skills:-  Graduation or Post Graduation in Engineering or any other relevant technology field   A Fresher or up to 1 year of overall working experience   Knowledge or experience in coding skills using Java/Python   Knowledge or Experience with Test Automation tooling for UI, API and Database test automation using tools like Selenium, Test NG/ Cucumber/JBehave or JS frameworks like Protractor, RestAssured, SOAPUI, Jmeter   Good Understanding of testing fundamentals and in bug tracking and test management tool-sets (JIRA, SVN, HP-ALM)   Understanding of overall architecture of systems under test and exposure to Non Functional testing   Good interpersonal communication skills   Dedication to fostering an inclusive culture and value diverse perspectives  Your field of Responsibility:-  As the test automation specialist, you will partner & collaborate with IT & business partners to build an automated, generic, sustainable, cost-efficient & scalable test execution framework and to deliver functional enhancements  Coordinate with fellow developers to define the automated testing components that will be used to validate requirements against developed software  Handle test execution of project feeding into the planned releases; ensuring smooth delivery and driving towards application quality (Including organizing walkthroughs with BAâ€™s and walkthroughs with business)  Provides regular status reporting to key business partners including progress, risks, issues and mitigation steps  Excellent analytical, problem solving, trouble-shooting skills and ability to own problems through to resolution  Demonstrate ability to effectively work both independently and within multi-functional project teams than span multiple time-zones  Ability to pick up and learn a wide variety of new technologies and topics  Self-starter, being able to work in Agile deliveries, taking ownership of tasks on short-notice and work under challenging deadlines    REF;----KARAN CHOWDHARY",SENIOR technical consultant big data at Infosys
"Gluware is the leader in intelligent network automation and an #ONUGFall2022 Thought Leadership sponsor. We are excited to provide an early preview of Gluware 5, including Gluware Topology, API Modeling, Gluware Service Connectors, and enhanced Network RPA.    ""While all enterprises face complex challenges within their networks, the healthcare industry presents a unique combination of concerns, potential risks, and urgent automation needs,"" said , CEO and Co-founder of Gluware. ""Healthcare organizations using Gluware's suite of intelligent network automation solutions will gain more network visibility, security, performance, and sustained compliance. We are proud to present alongside Siji and , which utilizes Gluware to power their enterprise network automation journey.""","3,471 followers"
"We are back home... and it's time again for us to resume our conversations. Today we talk more about why the Fed is effectively ""finished""... and takeaways from recent comments by market strategist and historian Russell Napier. I've got a take on these idiots in London throwing tomato soup around in a food crisis... and obviously, more to look at in the energy markets. Welcome back to the Florida Republic ...","Alternative Investments, Executive Producer, On-Air Talent, Geopolitical Risk, Commodity Economist, Momentum Trader"
Sunday night... and time for a few reactions to the #inflationreductionact - the worst named Act since the Affordable Healthcare Act.    Also... let's talk about market momentum. We're stretched right now... so it's possible that the reversal comes soon.,"Alternative Investments, Executive Producer, On-Air Talent, Geopolitical Risk, Commodity Economist, Momentum Trader"
"Here is the eleventh edition of our #linkedinnewsletter, FinStep Asia's Web 3.0 TokenBytes Newsletter for all things in Web 3.0, FinTech and DeFi in Asia.  In this edition we look at    a) and market developments  b) DeFi market developments  c) Regulatory developments  d) Fintech market news  e) Must read Web 3.0 and FinTech Industry reports    A big thank you to my colleagues, and who have been curating the content along with    Hit Like, Subscribe and Share :)          .0",FinTech Ballerina | Digital Assets | FinTech | Blockchain | Web 3.0 | Regulatory
"Episode #99: Artificial intelligence is not a typical industry data analysts fall into, but this episode shows how the Excel and VBA skills you learn early on can position you for a career in any field. Ryan Cunningham is a Sr. Associate Builder at (founded by , Google Brain founder & co-founder). Near the end of the conversation, Ryan provides a quick 1-2 punch on the tools and frameworks analysts should learn (see last image in the show notes). Topics Ryan discusses in this episode:    *M&A modeling at and writing VBA scripts to have a model run in 2 minutes instead of hours  *Helping Eats scale in 2016 and getting called out by on supply acquisition numbers (reminiscent of the Cold Start problem coined by )  *Building the operating model for Uber Elevate (drone delivery & aerial ridesharing) and Uber JUMP (bikes)  *How operates differently from the traditional venture capital model    Ryan also happens to be podcaster for 's China Stories podcast (speaking English-native articles about Chinese tech and culture).",Solutions Architect at Coda
"The first edition of Interesting Data Gigs is out:  --> The featured job of the week? Data Engineer at Cash App  --> Other interesting data gigs from Discord and Microsoft  --> Why you must follow & and here on  --> Other interesting links to read    This is cross-posted on as well. Subscribe here:    People mentioned in this edition by order:  -- ()  -- (Chief Financial Officer at )  --  ( Lead)  -- (Software Engineer at )  -- (Engineering Manager at )  -- Aditya Nagpal (Business Intelligence Data Engineering Manager at Cash App  -- (Data Engineer at )  -- (Data Engineer at )  -- (Director and Principal Architect at )  -- (Principal Data Science Manager at )  -- (Head of Growth and Safety at )  -- (Data Science Manager at )  -- Megan Parker (Data Developer at )  -- Jessica Ho, Sr. Partner Solutions Architect at  -- , Sr. Partner Solutions Architect at  -- (Data Scientist at Elin)  -- (Staff Software Manager at )  -- (Developer Advocate at )    Feedback is more than welcome.",Data Engineer at Riot Games (via X-Team) | Writer for Interesting Data Gigs & AWS Graviton Weekly | AWS Community Builder | Talent Collective interestingdatagigs.pallet.com/talent | 7.6k followers
The HTSB Newsletter is out. See what happened in the European high-tech #startup and #investors ecosystem in May 2022.,"1,869 followers"
"Innovations happens rapidly in the blockchain arena. The technology is still in its early stages, and it is expected to grow rapidly. So, it is important to stay updated with the latest innovations and trends in the blockchain industry. We have compiled a list of the top 10 blockchain technology trends that will shape the future of the blockchain industry.",Blockchain Developer | Passion for Innovative Tech
Article written on Thiel's brand of contrarianism after Thiel fired a public attack at the Bitcoin 2022 Miami conference against people he considers as bitcoin public enemies no. 1. Thiel has always used contrarianism as part of his playbook to gain mainstream acceptance from his student Libertarian days to his Paypal/ tech hedge fund days to his right wing politics. This article enumerates three lessons I learned from following his career and from reading Max Chafkin's 2021 biography of Thiel.,Financial Markets Structuring/ Author/ Investor/ Teacher/ Lifelong Learner
"According to Gartner #hyperautomation is a $500+ bn market opportunity. What does #hyperautomation mean? Which are some companies on the forefront of this opportunity? How are companies like Netflix JPMorgan Chase & Co. using platforms to build robust business automation processes? I learned a lot from co-founders and about open source offering from called . Backed by of and of , is off to a great start. And I am proud to be a small part of this big journey.",Secure Octane Investments
"#SuisseSecrets... a storm in a teacup, in my professional opinion. TLDR:  1) Not the stuff of a future James Bond movie, nor of a future Netflix series, for that matter.  2) FinCrime expertise gaps in the newspaper articles on are clearly visible to experts only (not to laymen), leading to incorrect reporting, conclusions and a lack of informed assessment.  3) The data leak has already -and rightfully so, in my opinion- disappeared from the news papers. Viewed in the correct perspective, its relevance and significance is rather low.    ... link to the full article, below:","PMP-certified Project Manager | Financial Crime Compliance | Remediations, Investigations & Regulatory Response | Certified Fraud Examiner"
#iot #internetofthings #iotplatform #humanresource #industry40,"â˜…ENFJ-A|â˜…Digital, Growth & Performance Marketing (2x-5x ROAS)|â˜…SPIN, BANT, CHALLENGER Sales|â˜…B2B SaaS|â˜…PnL Ops Leadership|â˜…Business Growth Rate of 9%-13% YoY|â˜…Failed Entrepreneur|â˜…International Business Development|"
#NACD #SEC #FASB,President & CEO at STock/Option Consulting & Knowledge Services
My article about few aspects related to several past years,"Architect, MockK OSS founder"
#PrivateBanking #PrivateBankingSingapore #ChristopheDonayPictet #RenauddePlantaPictet #NicolasPictetPictet #PrivateBankingFintech #PriveTechnologies #CanopyPte #PaxFamilia #Netwealth,C-Suite Private Wealth and Family Office | Global Investment Banking | Analytics & Content Leader | Author & Public Speaker
#covid19 #covid19economy #covid19impact #covid19crisis #finance #economics #centralbanks,Publisher and Editor BOOM Finance and Economics
The gender gap in fintech is sadly still an issue in the modern world. Here are some of my thoughts on the subject :),Chief Marketing Officer at Unlimint
"Are you a student, new to LinkedIn and getting ignored when asking for referrals, help, advice in messages, then this one is for you.    When I was in college I made tons of mistakes while networking and asking for referrals, help and advice over LinkedIn. After I posted that I had received an off-campus placement at Credit Suisse and during the month of Global Coding Challenge, a lot of students reached out to me asking help in various things related to interviews and specifically for Credit Suisse. This is an attempt to make sure at-least the basic behind networking is clear.    If this helped you like, comment and share so this reaches out to as many students as possible and also this increases your activity on LinkedIn, eventually letting people know you are eager to network and learn.",Software Development Engineer @Amazon
â€œLeaders are courageous and sympathetic. They have to make decisions based on imperfect information. Good leaders are not scared to make mistakes.â€œ - Gerry Poirier    On the Schmooze podcast features interviews with talented professionals who have achieved success in their field or industry. They share untold stories about their leadership journey and how they built and sustained their professional network.,Event Design Consultant | Executive Zoom Producer | Speaker | Emcee | Facilitator | Business Growth Strategist & Coach | 2x Author | TEDx | Podcast Host | Certified LGBT Business Enterprise | ðŸ’¯ Relationships
#codingchallenge #internshipopportunity,College of Engineering and Technology Career Development and Leadership Center at East Carolina University
What we're working on at MayStreet - the modern market data platform.,Head of Low Latency & Direct Feeds
"Excited to publish this final installment on ""The Future of Banking: AI, Automation & the Creation of Meaning-Filled Work.""    My hope is that even non-banking folks can walk away from reading this piece with a new understanding of the future of banking- I've also included some interactive media!",Senior Associate at JPMorgan Chase & Co. // Passionate about designing the future of the organization with a human focus
"Thank you all for celebrating Juneteenth with us (Keith and I and the CF BERG Team), please check out the article to learn how the Cross Firms Black Employee Resource Group convened thousands of finance professionals to move beyond discussion to action.    Thank you to our amazing speakers and moderators:    Speakers: Ainka Munroe - Equitable Advisors, Benin Saffo - IBM Watson, Megan Hogan - Goldman Sachs, - AllianceBernstein, Claire Green-Forde - National Association of Social Workers, Sheena Wright - United Way of New York City    Moderators: - YJLaurent Consulting and - Barclays    Finally, Big Thank You to the Sponsoring Firms of the 2nd Annual CF BERG Juneteenth Celebration:  , , , , , , , , , , , , , , ., , , , ,","Office of the President - Diversity, Equity & Inclusion, Managing Director"
This is an interesting time to be alive. Our pandemic has accelerated a reckoning with our broken systems that has been on its way for a long time. #healthcare #financialmarkets,"Framing Growth Strategy, Telling Growth Stories | Thought Leadership | Scenario Planning | Strategic Communications"
What your regulator might be about to ask you about your systems and controls - even if you don't trade Oil....  #thiveonchange #riskandcompliance #cco #regulatorycompliance #oilprice,Capital Markets | Product Management | Business Development | Innovation | M&A | Leader As Coach
What your regulator might be about to ask you about systems and controls - even if you dont trade Oil. #thiveonchange #riskandcompliance #cco #regulatorycompliance #oil #dxctechnology #cios #ctos,"Managing Director, CEX.IO - Number 1 Ranked Exchange by Institutional Investors"
"It's been a challenging start to 2020 for...well, everyone, really! However, the oil and gas industry has faced a particularly troubled time. As these periods of instability become more regular for our industry, operators must look for ways to mitigate the worst impact. Here are some of the top features I think will help you navigate the new-norm.",Marketing and Alliances Director | Building networks and connecting you to better software.
"In Today's Complex World. There are a lot of forces that tend to sow division and others trying to be hypocritic about finding common grounds. Every side has its pitfalls and strength. In This Article, Political Philosopher Chiara Cordelli proposes a predicament.",Research Assistant at Simulations Enterprises
A recent article by me on 'Pleading and Proving Fraud' which I hope people will find useful. #fraud #civilfraud #commerciallitigation,Commercial Litigation and Arbitration
#lowcode #nocode #4gl #sdlc #development #applicationbuild #userdevelopment #softwaredevelopment #coding #projectmanagment #softwaredelivery #rachaelevans,"Business Strategist, Alternative Finance & Fintech PhD Academic & Author | TEDx Speaker | Terrible Guitar Player | ðŸ‡®ðŸ‡ªðŸ‡¨ðŸ‡­"
